Electrolyzer_power_kW,Ideal_battery_support_duration_h
200.0,2.52225
205.0,2.460731707317073
210.0,2.402142857142857
215.0,2.3462790697674416
220.0,2.2929545454545455
225.0,2.242
230.0,2.193260869565217
235.0,2.1465957446808512
240.0,2.101875
245.0,2.0589795918367346
250.0,2.0178
255.0,1.978235294117647
260.0,1.9401923076923075
265.0,1.9035849056603773
270.0,1.8683333333333334
275.0,1.8343636363636364
280.0,1.8016071428571427
285.0,1.77
290.0,1.7394827586206896
295.0,1.71
300.0,1.6815
305.0,1.6539344262295081
310.0,1.627258064516129
315.0,1.6014285714285714
320.0,1.57640625
325.0,1.5521538461538462
330.0,1.5286363636363636
335.0,1.505820895522388
340.0,1.4836764705882353
345.0,1.4621739130434783
350.0,1.4412857142857143
355.0,1.4209859154929576
360.0,1.4012499999999999
365.0,1.382054794520548
370.0,1.3633783783783784
375.0,1.3452
380.0,1.3275
385.0,1.3102597402597402
390.0,1.2934615384615384
395.0,1.2770886075949366
400.0,1.261125
405.0,1.2455555555555555
410.0,1.2303658536585365
415.0,1.2155421686746988
420.0,1.2010714285714286
425.0,1.1869411764705882
430.0,1.1731395348837208
435.0,1.1596551724137931
440.0,1.1464772727272727
445.0,1.1335955056179774
450.0,1.121
455.0,1.1086813186813187
460.0,1.0966304347826086
465.0,1.0848387096774192
470.0,1.0732978723404256
475.0,1.062
480.0,1.0509375
485.0,1.040103092783505
490.0,1.0294897959183673
495.0,1.019090909090909
500.0,1.0089
505.0,0.9989108910891089
510.0,0.9891176470588235
515.0,0.9795145631067961
520.0,0.9700961538461538
525.0,0.9608571428571429
530.0,0.9517924528301887
535.0,0.9428971962616822
540.0,0.9341666666666667
545.0,0.9255963302752294
550.0,0.9171818181818182
555.0,0.9089189189189189
560.0,0.9008035714285714
565.0,0.8928318584070796
570.0,0.885
575.0,0.8773043478260869
580.0,0.8697413793103448
585.0,0.8623076923076923
590.0,0.855
595.0,0.8478151260504202
600.0,0.84075
605.0,0.8338016528925619
610.0,0.8269672131147541
615.0,0.8202439024390243
620.0,0.8136290322580645
625.0,0.80712
630.0,0.8007142857142857
635.0,0.7944094488188976
640.0,0.788203125
645.0,0.782093023255814
650.0,0.7760769230769231
655.0,0.7701526717557252
660.0,0.7643181818181818
665.0,0.7585714285714286
670.0,0.752910447761194
675.0,0.7473333333333333
680.0,0.7418382352941176
685.0,0.7364233576642336
690.0,0.7310869565217392
695.0,0.7258273381294964
700.0,0.7206428571428571
705.0,0.715531914893617
710.0,0.7104929577464788
715.0,0.7055244755244755
720.0,0.7006249999999999
725.0,0.6957931034482758
730.0,0.691027397260274
735.0,0.6863265306122449
740.0,0.6816891891891892
745.0,0.6771140939597315
750.0,0.6726
755.0,0.6681456953642384
760.0,0.66375
765.0,0.6594117647058824
770.0,0.6551298701298701
775.0,0.6509032258064515
780.0,0.6467307692307692
785.0,0.6426114649681528
790.0,0.6385443037974683
795.0,0.6345283018867924
800.0,0.6305625
805.0,0.6266459627329193
810.0,0.6227777777777778
815.0,0.6189570552147239
820.0,0.6151829268292682
825.0,0.6114545454545455
830.0,0.6077710843373494
835.0,0.6041317365269461
840.0,0.6005357142857143
845.0,0.59698224852071
850.0,0.5934705882352941
855.0,0.59
860.0,0.5865697674418604
865.0,0.5831791907514451
870.0,0.5798275862068966
875.0,0.5765142857142856
880.0,0.5732386363636364
885.0,0.57
890.0,0.5667977528089887
895.0,0.5636312849162011
900.0,0.5605
905.0,0.557403314917127
910.0,0.5543406593406593
915.0,0.551311475409836
920.0,0.5483152173913043
925.0,0.5453513513513514
930.0,0.5424193548387096
935.0,0.5395187165775401
940.0,0.5366489361702128
945.0,0.5338095238095238
950.0,0.531
955.0,0.5282198952879581
960.0,0.52546875
965.0,0.5227461139896373
970.0,0.5200515463917526
975.0,0.5173846153846153
980.0,0.5147448979591837
985.0,0.5121319796954314
990.0,0.5095454545454545
995.0,0.5069849246231156
1000.0,0.50445
